epoch,beta,avg_loss,avg_psnr,type,teacher forcing ratio,teacher forcing,learning_rate
0,0,0.07458390295505524,35.87577851941756,train,0.0,False,0.001
0,0,8.975757598876953,18.45852130168193,valid,0.0,False,0.001
1,0.1,1647.0848388671875,21.22317613952579,train,0.0,False,0.001
1,0.1,10.064643859863281,17.980916397749713,valid,0.0,False,0.001
2,0.2,0.20343443751335144,22.171733405894578,train,0.0,False,0.0001
2,0.2,nan,nan,valid,0.0,False,0.0001
3,0.30000000000000004,0.11980539560317993,25.074518728239777,train,0.0,False,0.0001
3,0.30000000000000004,5.727656841278076,20.483102122247693,valid,0.0,False,0.0001
4,0.4,0.09170911461114883,26.6118760929381,train,0.0,False,0.0001
4,0.4,3.2366933822631836,23.02740387848337,valid,0.0,False,0.0001
5,0.5,0.08051005005836487,27.28239297010448,train,0.0,False,1e-05
5,0.5,2.06042218208313,24.888687703871007,valid,0.0,False,1e-05
6,0.6,0.06927173584699631,28.026085181732128,train,0.0,False,1e-05
6,0.6,1.640454888343811,25.88642127335735,valid,0.0,False,1e-05
7,0.7,0.06387485563755035,28.446023208774143,train,0.0,False,1e-05
7,0.7,1.867706060409546,25.30934565472868,valid,0.0,False,1e-05
8,0.7999999999999999,0.061371881514787674,28.679972836438854,train,0.0,False,1e-05
8,0.7999999999999999,1.6711372137069702,25.807281060514466,valid,0.0,False,1e-05
9,0.8999999999999999,0.05888151004910469,28.960956815540445,train,0.0,False,1e-05
9,0.8999999999999999,2.013904094696045,24.97984958945852,valid,0.0,False,1e-05
10,0.0,0.05320444703102112,29.167980285317796,train,0,False,1e-05
10,0.0,1.7252644300460815,25.67587708441366,valid,0,False,1e-05
11,0.1,0.051652148365974426,29.452397592974787,train,0,False,1e-05
11,0.1,1.9400427341461182,25.139379601410347,valid,0,False,1e-05
12,0.2,0.049810271710157394,29.679439713980464,train,0,False,1e-05
12,0.2,2.027592897415161,24.949027532992947,valid,0,False,1e-05
13,0.30000000000000004,0.04878285527229309,29.857699999258912,train,0,False,1e-05
13,0.30000000000000004,1.8301994800567627,25.41238955208152,valid,0,False,1e-05
14,0.4,0.04762065410614014,30.03921267845078,train,0,False,1e-05
14,0.4,1.8809654712677002,25.304714742639295,valid,0,False,1e-05
15,0.5,0.046712346374988556,30.1591248003295,train,0,False,1e-05
15,0.5,0.7987790107727051,29.1675043667064,valid,0,False,1e-05
16,0.6,0.04612907022237778,30.307092022513807,train,0,False,1e-05
16,0.6,1.1939423084259033,27.32730641691029,valid,0,False,1e-05
17,0.7,0.045046884566545486,30.449575115615332,train,0,False,1e-05
17,0.7,0.8242493867874146,29.033847972584834,valid,0,False,1e-05
18,0.7999999999999999,0.044572919607162476,30.553161385143213,train,0,False,1e-05
18,0.7999999999999999,0.779518187046051,29.23004675897013,valid,0,False,1e-05
19,0.8999999999999999,0.043914832174777985,30.691209244423927,train,0,False,1e-05
19,0.8999999999999999,0.8018000721931458,29.10766692229788,valid,0,False,1e-05
20,0.0,0.03984632343053818,30.68385378181059,train,0,False,1e-05
20,0.0,0.9512091875076294,28.538893106821423,valid,0,False,1e-05
21,0.1,0.0388839952647686,30.88334019793144,train,0,False,1e-05
21,0.1,1.4460368156433105,26.456385656456877,valid,0,False,1e-05
22,0.2,0.038301002234220505,31.015403964256144,train,0,False,1e-05
22,0.2,1.585378646850586,26.05443471414296,valid,0,False,1e-05
23,0.30000000000000004,0.03822905570268631,31.154853664360655,train,0,False,1e-05
23,0.30000000000000004,1.5189900398254395,26.24089490287065,valid,0,False,1e-05
24,0.4,0.037231091409921646,31.226149555948716,train,0,False,1e-05
24,0.4,1.38332998752594,26.649864594015295,valid,0,False,1e-05
25,0.5,0.037287987768650055,31.3240203421159,train,0,False,1e-05
25,0.5,0.6646142601966858,29.90268195111346,valid,0,False,1e-05
26,0.6,0.03653551638126373,31.41444815616879,train,0,False,1e-05
26,0.6,0.5959541201591492,30.385866171225835,valid,0,False,1e-05
27,0.7,0.037001922726631165,31.46561912117808,train,0,False,1e-05
27,0.7,0.6278419494628906,30.16521676431968,valid,0,False,1e-05
28,0.7999999999999999,0.036725226789712906,31.535258583993606,train,0,False,1e-05
28,0.7999999999999999,1.2697021961212158,27.047541019457892,valid,0,False,1e-05
29,0.8999999999999999,0.03688390552997589,31.593285534227338,train,0,False,1e-05
29,0.8999999999999999,0.6043386459350586,30.328369989683214,valid,0,False,1e-05
30,0.0,0.033010464161634445,31.544959255338288,train,0,False,1e-05
30,0.0,0.6128033399581909,30.41619363308711,valid,0,False,1e-05
31,0.1,0.03241430222988129,31.719030351492545,train,0,False,1e-05
31,0.1,0.4962403476238251,31.36117037301602,valid,0,False,1e-05
32,0.2,0.032163355499506,31.85704930036225,train,0,False,1e-05
32,0.2,0.4959854781627655,31.22590971068851,valid,0,False,1e-05
33,0.30000000000000004,0.032027266919612885,31.94840458146975,train,0,False,1e-05
33,0.30000000000000004,0.47172948718070984,31.459882384453365,valid,0,False,1e-05
34,0.4,0.03190622106194496,32.01726468869754,train,0,False,1e-05
34,0.4,0.5008649826049805,31.1782341124712,valid,0,False,1e-05
35,0.5,0.031964365392923355,32.0195903624053,train,0,False,1e-05
35,0.5,0.44939497113227844,31.67345606769022,valid,0,False,1e-05
36,0.6,0.031862523406744,32.10179094651544,train,0,False,1e-05
36,0.6,0.4434294104576111,31.783413739954913,valid,0,False,1e-05
37,0.7,0.03200933709740639,32.10786069422098,train,0,False,1e-05
37,0.7,0.4803939163684845,31.342725032084697,valid,0,False,1e-05
38,0.7999999999999999,0.03213423117995262,32.140134063733136,train,0,False,1e-05
38,0.7999999999999999,0.45514601469039917,31.59053959566004,valid,0,False,1e-05
39,0.8999999999999999,0.031821537762880325,32.19212166205449,train,0,False,1e-05
39,0.8999999999999999,0.44419941306114197,31.733395480958002,valid,0,False,1e-05
40,0.0,0.028651108965277672,32.1670309418814,train,0,False,1e-05
40,0.0,0.48917731642723083,31.27809454185595,valid,0,False,1e-05
41,0.1,0.028314456343650818,32.29910822268189,train,0,False,1e-05
41,0.1,0.38837122917175293,32.38466380775828,valid,0,False,1e-05
42,0.2,0.027976645156741142,32.43123532992387,train,0,False,1e-05
42,0.2,0.3690281808376312,32.61666239691463,valid,0,False,1e-05
43,0.30000000000000004,0.028078610077500343,32.48577369739751,train,0,False,1e-05
43,0.30000000000000004,0.3912613093852997,32.41830482240322,valid,0,False,1e-05
44,0.4,0.02803025394678116,32.52904836462048,train,0,False,1e-05
44,0.4,0.3988718092441559,32.35958302532736,valid,0,False,1e-05
45,0.5,0.028199121356010437,32.569171425341935,train,0,False,1e-05
45,0.5,0.3794178366661072,32.41190768728575,valid,0,False,1e-05
46,0.6,0.02844912000000477,32.61373588814676,train,0,False,1e-05
46,0.6,0.41172516345977783,32.12363110892534,valid,0,False,1e-05
47,0.7,0.02844344452023506,32.64690793248256,train,0,False,1e-05
47,0.7,0.4650645852088928,31.62815462727994,valid,0,False,1e-05
48,0.7999999999999999,0.028701545670628548,32.65020866815148,train,0,False,1e-05
48,0.7999999999999999,0.40319445729255676,32.16118776476061,valid,0,False,1e-05
49,0.8999999999999999,0.028777703642845154,32.69790347970886,train,0,False,1e-05
49,0.8999999999999999,0.44984808564186096,31.82237939576845,valid,0,False,1e-05
50,0.0,0.02575250342488289,32.60541846796103,train,0,False,1e-05
50,0.0,0.36369118094444275,32.72523362685842,valid,0,False,1e-05
51,0.1,0.025383468717336655,32.76425398902013,train,0,False,1e-05
51,0.1,0.36924034357070923,32.579145986438746,valid,0,False,1e-05
52,0.2,0.025555085390806198,32.87539481625131,train,0,False,1e-05
52,0.2,0.49489066004753113,31.216459989926772,valid,0,False,1e-05
53,0.30000000000000004,0.02550884336233139,32.911851780689275,train,0,False,1e-05
53,0.30000000000000004,0.35181254148483276,32.79661548838896,valid,0,False,1e-05
54,0.4,0.025404080748558044,32.97859618792927,train,0,False,1e-05
54,0.4,0.3699810802936554,32.82632706161523,valid,0,False,1e-05
55,0.5,0.02555369958281517,33.00434879101272,train,0,False,1e-05
55,0.5,0.35713261365890503,32.893206558470126,valid,0,False,1e-05
56,0.6,0.026158979162573814,33.014435732120425,train,0,False,1e-05
56,0.6,0.5264555215835571,31.025436583308235,valid,0,False,1e-05
57,0.7,0.026069730520248413,33.043845193942474,train,0,False,1e-05
57,0.7,0.38089853525161743,32.432991488749344,valid,0,False,1e-05
58,0.7999999999999999,0.02625327743589878,33.066161344829744,train,0,False,1e-05
58,0.7999999999999999,0.4240564703941345,32.10621079655633,valid,0,False,1e-05
59,0.8999999999999999,0.026602359488606453,33.069624533742726,train,0,False,1e-05
59,0.8999999999999999,0.47766000032424927,31.508696569736887,valid,0,False,1e-05
60,0.0,0.023301148787140846,33.00562553361521,train,0,False,1e-05
60,0.0,0.35635313391685486,33.04585007756996,valid,0,False,1e-05
61,0.1,0.023276863619685173,33.147355824984174,train,0,False,1e-05
61,0.1,0.3552842140197754,32.77199868898134,valid,0,False,1e-05
62,0.2,0.02315635234117508,33.256055181079006,train,0,False,1e-05
62,0.2,0.34678101539611816,32.95759636495375,valid,0,False,1e-05
63,0.30000000000000004,0.023214545100927353,33.32206083485915,train,0,False,1e-05
63,0.30000000000000004,0.38890519738197327,32.4448742131171,valid,0,False,1e-05
64,0.4,0.023610061034560204,33.32825284184248,train,0,False,1e-05
64,0.4,0.3385453224182129,32.994042804396585,valid,0,False,1e-05
65,0.5,0.023868154734373093,33.38074178766544,train,0,False,1e-05
65,0.5,0.4260774552822113,31.909430162705753,valid,0,False,1e-05
66,0.6,0.024114733561873436,33.37990636183663,train,0,False,1e-05
66,0.6,0.44446778297424316,31.84927309942928,valid,0,False,1e-05
67,0.7,0.024421922862529755,33.385619966523294,train,0,False,1e-05
67,0.7,0.37162357568740845,32.57744273623905,valid,0,False,1e-05
68,0.7999999999999999,0.024699144065380096,33.408127771170065,train,0,False,1e-05
68,0.7999999999999999,0.4160621166229248,32.07852455163419,valid,0,False,1e-05
69,0.8999999999999999,0.02486797422170639,33.42837096680016,train,0,False,1e-05
69,0.8999999999999999,0.5454437136650085,30.859113453681594,valid,0,False,1e-05
70,0.0,0.021689502522349358,33.31284729114667,train,0,False,1e-05
70,0.0,0.3187057375907898,33.35740439349782,valid,0,False,1e-05
71,0.1,0.02143336459994316,33.49264401893203,train,0,False,1e-05
71,0.1,0.3044872581958771,33.496332311099586,valid,0,False,1e-05
72,0.2,0.021268470212817192,33.662242781217984,train,0,False,1e-05
72,0.2,0.29909205436706543,33.50040800582813,valid,0,False,1e-05
73,0.30000000000000004,0.02141297049820423,33.68351534366955,train,0,False,1e-05
73,0.30000000000000004,0.3564538359642029,32.74187278141088,valid,0,False,1e-05
74,0.4,0.021687351167201996,33.693558284625226,train,0,False,1e-05
74,0.4,0.3607178330421448,32.5739210914163,valid,0,False,1e-05
75,0.5,0.0220608189702034,33.697879215281574,train,0,False,1e-05
75,0.5,0.36192217469215393,32.6583658833951,valid,0,False,1e-05
76,0.6,0.022413332015275955,33.701148492713024,train,0,False,1e-05
76,0.6,0.43626466393470764,31.713337723894224,valid,0,False,1e-05
77,0.7,0.022995173931121826,33.67808751637446,train,0,False,1e-05
77,0.7,0.3754763603210449,32.44617171052529,valid,0,False,1e-05
78,0.7999999999999999,0.02295541577041149,33.72440744305683,train,0,False,1e-05
78,0.7999999999999999,0.3897337019443512,32.35480712745072,valid,0,False,1e-05
79,0.8999999999999999,0.023267162963747978,33.740151588521954,train,0,False,1e-05
79,0.8999999999999999,0.45576268434524536,31.585430760830878,valid,0,False,1e-05
80,0.0,0.020199459046125412,33.64433523173998,train,0,False,1e-05
80,0.0,0.4068854749202728,32.1510476141173,valid,0,False,1e-05
81,0.1,0.020457908511161804,33.74199248521043,train,0,False,1e-05
81,0.1,0.49854692816734314,31.155352442366897,valid,0,False,1e-05
82,0.2,0.020124662667512894,33.854026808789946,train,0,False,1e-05
82,0.2,0.3262583017349243,33.09078534343095,valid,0,False,1e-05
83,0.30000000000000004,0.02034866251051426,33.92227883853711,train,0,False,1e-05
83,0.30000000000000004,0.3779793083667755,32.34717112542715,valid,0,False,1e-05
81,0.1,0.019957035779953003,33.88874820832286,train,0,False,1e-05
81,0.1,0.38057926297187805,32.32215525046441,valid,0,False,1e-05
82,0.2,0.019823024049401283,33.95958793763191,train,0,False,1e-05
82,0.2,0.3354036211967468,32.95812067962792,valid,0,False,1e-05
83,0.30000000000000004,0.02000545896589756,33.947233130916516,train,0,False,1.0000000000000002e-06
83,0.30000000000000004,0.2147722840309143,34.92878320145114,valid,0,False,1.0000000000000002e-06
84,0.4,0.019805578514933586,34.16144003263082,train,0,False,1.0000000000000002e-06
84,0.4,0.21239863336086273,34.96777220333324,valid,0,False,1.0000000000000002e-06
85,0.5,0.01999262161552906,34.19627231384603,train,0,False,1.0000000000000002e-06
85,0.5,0.21073737740516663,35.003688011715255,valid,0,False,1.0000000000000002e-06
86,0.6,0.020606406033039093,34.07773760297221,train,0,False,1.0000000000000002e-07
86,0.6,0.1772759109735489,35.767767692408235,valid,0,False,1.0000000000000002e-07
87,0.7,0.020490042865276337,34.22048965839674,train,0,False,1.0000000000000002e-07
87,0.7,0.17502152919769287,35.81536840672334,valid,0,False,1.0000000000000002e-07
88,0.7999999999999999,0.020776569843292236,34.241055104163365,train,0,False,1.0000000000000002e-07
88,0.7999999999999999,0.17406916618347168,35.84041946301968,valid,0,False,1.0000000000000002e-07
89,0.8999999999999999,0.02104029804468155,34.252547370418384,train,0,False,1.0000000000000002e-07
89,0.8999999999999999,0.17327800393104553,35.859858359744706,valid,0,False,1.0000000000000002e-07
90,0.0,0.018229860812425613,34.25901651813139,train,0,False,1.0000000000000002e-07
90,0.0,0.17313772439956665,35.865293624101646,valid,0,False,1.0000000000000002e-07
91,0.1,0.018545128405094147,34.25936975753946,train,0,False,1.0000000000000002e-07
91,0.1,0.17282630503177643,35.86955325516305,valid,0,False,1.0000000000000002e-07
92,0.2,0.018823448568582535,34.263681004924166,train,0,False,1.0000000000000002e-07
92,0.2,0.1725863665342331,35.876418809632995,valid,0,False,1.0000000000000002e-07
93,0.30000000000000004,0.01912692002952099,34.267687318781334,train,0,False,1.0000000000000002e-07
93,0.30000000000000004,0.1726485639810562,35.880366739294296,valid,0,False,1.0000000000000002e-07
94,0.4,0.019434550777077675,34.26839311612041,train,0,False,1.0000000000000002e-07
94,0.4,0.17218121886253357,35.88947994796195,valid,0,False,1.0000000000000002e-07
95,0.5,0.019733678549528122,34.27214953432799,train,0,False,1.0000000000000002e-07
95,0.5,0.1722227931022644,35.89236078732343,valid,0,False,1.0000000000000002e-07
96,0.6,0.02003411576151848,34.27329164591138,train,0,False,1.0000000000000002e-07
96,0.6,0.17215463519096375,35.89041984934117,valid,0,False,1.0000000000000002e-07
97,0.7,0.020324798300862312,34.27546349794122,train,0,False,1.0000000000000002e-07
97,0.7,0.17208003997802734,35.89806900873472,valid,0,False,1.0000000000000002e-07
98,0.7999999999999999,0.02065301686525345,34.27430958368445,train,0,False,1.0000000000000002e-07
98,0.7999999999999999,0.17229627072811127,35.89633471332787,valid,0,False,1.0000000000000002e-07
99,0.8999999999999999,0.02090463787317276,34.28117507352107,train,0,False,1.0000000000000002e-07
99,0.8999999999999999,0.17182128131389618,35.90798183010568,valid,0,False,1.0000000000000002e-07
100,0.0,0.01813659444451332,34.2806494122577,train,0,False,1.0000000000000002e-07
100,0.0,0.1718764305114746,35.903508566900356,valid,0,False,1.0000000000000002e-07
101,0.1,0.01842649281024933,34.28326423882922,train,0,False,1.0000000000000002e-07
101,0.1,0.17182153463363647,35.90632462918474,valid,0,False,1.0000000000000002e-07
102,0.2,0.018723824992775917,34.283821334100516,train,0,False,1.0000000000000002e-07
102,0.2,0.17165695130825043,35.91006463055391,valid,0,False,1.0000000000000002e-07
103,0.30000000000000004,0.019046936184167862,34.28539484569594,train,0,False,1.0000000000000002e-07
103,0.30000000000000004,0.1716923862695694,35.90987627911833,valid,0,False,1.0000000000000002e-07
104,0.4,0.019348975270986557,34.28733036262756,train,0,False,1.0000000000000002e-07
104,0.4,0.17181767523288727,35.90885340352506,valid,0,False,1.0000000000000002e-07
105,0.5,0.019631879404187202,34.28920569668022,train,0,False,1.0000000000000002e-07
105,0.5,0.171487957239151,35.91433234283011,valid,0,False,1.0000000000000002e-07
106,0.6,0.019924186170101166,34.29169273597964,train,0,False,1.0000000000000002e-07
106,0.6,0.17155762016773224,35.91377063017392,valid,0,False,1.0000000000000002e-07
107,0.7,0.020229443907737732,34.2923636485274,train,0,False,1.0000000000000002e-07
107,0.7,0.17126916348934174,35.92398358755915,valid,0,False,1.0000000000000002e-07
108,0.7999999999999999,0.02053171955049038,34.29483508965278,train,0,False,1.0000000000000002e-07
108,0.7999999999999999,0.1713462471961975,35.92001655712037,valid,0,False,1.0000000000000002e-07
109,0.8999999999999999,0.02084476687014103,34.29434739324096,train,0,False,1.0000000000000002e-07
109,0.8999999999999999,0.17079482972621918,35.93133661364144,valid,0,False,1.0000000000000002e-07
110,0.0,0.018061649054288864,34.29738789269233,train,0,False,1.0000000000000002e-07
110,0.0,0.17103061079978943,35.92646166402699,valid,0,False,1.0000000000000002e-07
111,0.1,0.018357964232563972,34.298894233703635,train,0,False,1.0000000000000002e-07
111,0.1,0.1713213324546814,35.92094459897574,valid,0,False,1.0000000000000002e-07
112,0.2,0.01864858716726303,34.299779536339535,train,0,False,1.0000000000000002e-07
112,0.2,0.17097602784633636,35.9289627772636,valid,0,False,1.0000000000000002e-07
113,0.30000000000000004,0.01897328905761242,34.302265711548536,train,0,False,1.0000000000000002e-07
113,0.30000000000000004,0.17131614685058594,35.92740406406324,valid,0,False,1.0000000000000002e-07
114,0.4,0.019263172522187233,34.30225220407468,train,0,False,1.0000000000000002e-07
114,0.4,0.171136274933815,35.92812172142235,valid,0,False,1.0000000000000002e-07
115,0.5,0.019560247659683228,34.3053374420494,train,0,False,1.0000000000000002e-07
115,0.5,0.17125476896762848,35.92974062072075,valid,0,False,1.0000000000000002e-07
116,0.6,0.01985100843012333,34.30656134550033,train,0,False,1.0000000000000002e-07
116,0.6,0.1711050420999527,35.93157461072379,valid,0,False,1.0000000000000002e-07
117,0.7,0.020149078220129013,34.30821650974728,train,0,False,1.0000000000000002e-07
117,0.7,0.17115052044391632,35.9296855047132,valid,0,False,1.0000000000000002e-07
118,0.7999999999999999,0.020452294498682022,34.30867259183498,train,0,False,1.0000000000000002e-07
118,0.7999999999999999,0.17080293595790863,35.93657689481168,valid,0,False,1.0000000000000002e-07
119,0.8999999999999999,0.020754223689436913,34.31053417533957,train,0,False,1.0000000000000002e-07
119,0.8999999999999999,0.1707751601934433,35.939415763406195,valid,0,False,1.0000000000000002e-07
120,0.0,0.017983071506023407,34.312344910324256,train,0,False,1.0000000000000002e-07
120,0.0,0.1706228107213974,35.941672645047284,valid,0,False,1.0000000000000002e-07
121,0.1,0.018285276368260384,34.31334063966813,train,0,False,1.0000000000000002e-07
121,0.1,0.1710246503353119,35.93696110578334,valid,0,False,1.0000000000000002e-07
122,0.2,0.01857984997332096,34.31495208395683,train,0,False,1.0000000000000002e-07
122,0.2,0.17075440287590027,35.93786639894325,valid,0,False,1.0000000000000002e-07
123,0.30000000000000004,0.018876882269978523,34.31553834246563,train,0,False,1.0000000000000002e-07
123,0.30000000000000004,0.17101261019706726,35.93542868609648,valid,0,False,1.0000000000000002e-07
124,0.4,0.019171668216586113,34.31668481806277,train,0,False,1.0000000000000002e-07
124,0.4,0.17075784504413605,35.94087801146394,valid,0,False,1.0000000000000002e-07
125,0.5,0.019479388371109962,34.318994196327765,train,0,False,1.0000000000000002e-07
125,0.5,0.17066171765327454,35.946721845666254,valid,0,False,1.0000000000000002e-07
126,0.6,0.019778622314333916,34.318712737298796,train,0,False,1.0000000000000002e-07
126,0.6,0.17059417068958282,35.942566169653865,valid,0,False,1.0000000000000002e-07
127,0.7,0.020085977390408516,34.319101646259256,train,0,False,1.0000000000000002e-07
127,0.7,0.17070233821868896,35.941789912116164,valid,0,False,1.0000000000000002e-07
128,0.7999999999999999,0.02038530819118023,34.32164851141486,train,0,False,1.0000000000000002e-07
128,0.7999999999999999,0.17093917727470398,35.939672706616136,valid,0,False,1.0000000000000002e-07
129,0.8999999999999999,0.02068999782204628,34.321925229636584,train,0,False,1.0000000000000002e-07
129,0.8999999999999999,0.17037248611450195,35.94993250472368,valid,0,False,1.0000000000000002e-07
130,0.0,0.017923004925251007,34.32370339432577,train,0,False,1.0000000000000002e-07
130,0.0,0.17079158127307892,35.944306481244645,valid,0,False,1.0000000000000002e-07
131,0.1,0.018223047256469727,34.3244648791898,train,0,False,1.0000000000000002e-07
131,0.1,0.1706276834011078,35.94560124347244,valid,0,False,1.0000000000000002e-07
132,0.2,0.018509231507778168,34.326710652095066,train,0,False,1.0000000000000002e-07
132,0.2,0.1705615520477295,35.949653040244584,valid,0,False,1.0000000000000002e-07
133,0.30000000000000004,0.018818404525518417,34.32893790772144,train,0,False,1.0000000000000002e-07
133,0.30000000000000004,0.17072317004203796,35.94640357012968,valid,0,False,1.0000000000000002e-07
134,0.4,0.019125664606690407,34.32843118040021,train,0,False,1.0000000000000002e-07
134,0.4,0.17051737010478973,35.94984783845789,valid,0,False,1.0000000000000002e-07
135,0.5,0.019403746351599693,34.33108012193249,train,0,False,1.0000000000000002e-07
135,0.5,0.17045415937900543,35.94609713895522,valid,0,False,1.0000000000000002e-07
136,0.6,0.019723040983080864,34.33132912436861,train,0,False,1.0000000000000002e-07
136,0.6,0.1704535335302353,35.95288236645333,valid,0,False,1.0000000000000002e-07
137,0.7,0.02001587301492691,34.33296203621483,train,0,False,1.0000000000000002e-07
137,0.7,0.17033317685127258,35.95559313642202,valid,0,False,1.0000000000000002e-07
138,0.7999999999999999,0.020333239808678627,34.33308184396066,train,0,False,1.0000000000000002e-07
138,0.7999999999999999,0.17050300538539886,35.95283243273324,valid,0,False,1.0000000000000002e-07
139,0.8999999999999999,0.02062276192009449,34.33387782870061,train,0,False,1.0000000000000002e-07
139,0.8999999999999999,0.16999609768390656,35.963198502605785,valid,0,False,1.0000000000000002e-07
140,0.0,0.0178526621311903,34.3366356949345,train,0,False,1.0000000000000002e-07
140,0.0,0.1702621877193451,35.95495097549996,valid,0,False,1.0000000000000002e-07
141,0.1,0.01817525178194046,34.33470851980233,train,0,False,1.0000000000000002e-07
141,0.1,0.17024032771587372,35.95912250160981,valid,0,False,1.0000000000000002e-07
142,0.2,0.018453296273946762,34.33805082029939,train,0,False,1.0000000000000002e-07
142,0.2,0.17063818871974945,35.94679543475468,valid,0,False,1.0000000000000002e-07
143,0.30000000000000004,0.018760360777378082,34.3385098231326,train,0,False,1.0000000000000002e-07
143,0.30000000000000004,0.17024363577365875,35.955711055446315,valid,0,False,1.0000000000000002e-07
144,0.4,0.01905507594347,34.338676980541614,train,0,False,1.0000000000000002e-07
144,0.4,0.16999618709087372,35.96168798255617,valid,0,False,1.0000000000000002e-07
145,0.5,0.019352205097675323,34.34016056520196,train,0,False,1.0000000000000002e-07
145,0.5,0.1701458841562271,35.96154660829868,valid,0,False,1.0000000000000002e-07
146,0.6,0.019662130624055862,34.340488687986976,train,0,False,1.0000000000000002e-07
146,0.6,0.17017458379268646,35.959844762077395,valid,0,False,1.0000000000000002e-07
147,0.7,0.019966082647442818,34.342403935914426,train,0,False,1.0000000000000002e-07
147,0.7,0.17029500007629395,35.96301443891419,valid,0,False,1.0000000000000002e-07
148,0.7999999999999999,0.020251918584108353,34.34580541647635,train,0,False,1.0000000000000002e-07
148,0.7999999999999999,0.17009471356868744,35.96158660500531,valid,0,False,1.0000000000000002e-07
149,0.8999999999999999,0.02055392414331436,34.34545274123328,train,0,False,1.0000000000000002e-07
149,0.8999999999999999,0.17057503759860992,35.95527969142022,valid,0,False,1.0000000000000002e-07
150,0.0,0.017800388857722282,34.346279055769706,train,0,False,1.0000000000000002e-07
150,0.0,0.17036260664463043,35.958025424393256,valid,0,False,1.0000000000000002e-07
151,0.1,0.018113933503627777,34.34590317740493,train,0,False,1.0000000000000002e-07
151,0.1,0.17002174258232117,35.964109730076146,valid,0,False,1.0000000000000002e-07
152,0.2,0.01840195246040821,34.34799674027968,train,0,False,1.0000000000000002e-07
152,0.2,0.17027802765369415,35.960461323894265,valid,0,False,1.0000000000000002e-07
153,0.30000000000000004,0.01869831047952175,34.349575383996445,train,0,False,1.0000000000000002e-07
153,0.30000000000000004,0.16983959078788757,35.96869900798949,valid,0,False,1.0000000000000002e-07
154,0.4,0.01900944858789444,34.349717324451696,train,0,False,1.0000000000000002e-07
154,0.4,0.17008325457572937,35.9640479368322,valid,0,False,1.0000000000000002e-07
155,0.5,0.019311215728521347,34.35055265455343,train,0,False,1.0000000000000002e-07
155,0.5,0.1699305921792984,35.96304760373454,valid,0,False,1.0000000000000002e-07
156,0.6,0.019593752920627594,34.352723536337606,train,0,False,1.0000000000000002e-07
156,0.6,0.1697424352169037,35.971885123199804,valid,0,False,1.0000000000000002e-07
157,0.7,0.01988552138209343,34.354087325065336,train,0,False,1.0000000000000002e-07
157,0.7,0.1696321666240692,35.975114986134635,valid,0,False,1.0000000000000002e-07
158,0.7999999999999999,0.020200856029987335,34.35456856151296,train,0,False,1.0000000000000002e-07
158,0.7999999999999999,0.16955435276031494,35.978634265723784,valid,0,False,1.0000000000000002e-07
159,0.8999999999999999,0.020492445677518845,34.355447737334856,train,0,False,1.0000000000000002e-07
159,0.8999999999999999,0.16985009610652924,35.97314597768132,valid,0,False,1.0000000000000002e-07
160,0.0,0.017743723466992378,34.35618659431707,train,0,False,1.0000000000000002e-07
160,0.0,0.16999632120132446,35.96497799216848,valid,0,False,1.0000000000000002e-07
161,0.1,0.01804955303668976,34.35787446979813,train,0,False,1.0000000000000002e-07
161,0.1,0.16947050392627716,35.978287373893025,valid,0,False,1.0000000000000002e-07
162,0.2,0.018349964171648026,34.357579424950394,train,0,False,1.0000000000000002e-07
162,0.2,0.17000660300254822,35.97103026106551,valid,0,False,1.0000000000000002e-07
163,0.30000000000000004,0.018649768084287643,34.3593700764974,train,0,False,1.0000000000000002e-07
163,0.30000000000000004,0.1696978658437729,35.96831828118887,valid,0,False,1.0000000000000002e-07
164,0.4,0.01895182952284813,34.359284076649715,train,0,False,1.0000000000000002e-07
164,0.4,0.16986984014511108,35.9725766416953,valid,0,False,1.0000000000000002e-07
165,0.5,0.019249364733695984,34.36101853532684,train,0,False,1.0000000000000002e-07
165,0.5,0.16979175806045532,35.973765499072535,valid,0,False,1.0000000000000002e-07
166,0.6,0.019548779353499413,34.36247367374877,train,0,False,1.0000000000000002e-07
166,0.6,0.16962622106075287,35.9747681852744,valid,0,False,1.0000000000000002e-07
167,0.7,0.01984473690390587,34.36323279169558,train,0,False,1.0000000000000002e-07
167,0.7,0.16961561143398285,35.974300511880216,valid,0,False,1.0000000000000002e-07
168,0.7999999999999999,0.020142754539847374,34.36408064130561,train,0,False,1.0000000000000002e-07
168,0.7999999999999999,0.16942177712917328,35.97617651510314,valid,0,False,1.0000000000000002e-07
169,0.8999999999999999,0.020443538203835487,34.36509868441346,train,0,False,1.0000000000000002e-07
169,0.8999999999999999,0.16942517459392548,35.98178375316917,valid,0,False,1.0000000000000002e-07
170,0.0,0.017703169956803322,34.36512370817122,train,0,False,1.0000000000000002e-07
170,0.0,0.1694512963294983,35.98265509916224,valid,0,False,1.0000000000000002e-07
171,0.1,0.018017953261733055,34.36538880575855,train,0,False,1.0000000000000002e-07
171,0.1,0.1694137006998062,35.982934114853414,valid,0,False,1.0000000000000002e-07
172,0.2,0.018301328644156456,34.36763181739726,train,0,False,1.0000000000000002e-07
172,0.2,0.16951626539230347,35.97971910437264,valid,0,False,1.0000000000000002e-07
173,0.30000000000000004,0.018604228273034096,34.367893066324214,train,0,False,1.0000000000000002e-07
173,0.30000000000000004,0.16952234506607056,35.978413725884806,valid,0,False,1.0000000000000002e-07
174,0.4,0.018894001841545105,34.36854384867351,train,0,False,1.0000000000000002e-07
174,0.4,0.1697838008403778,35.97346989945501,valid,0,False,1.0000000000000002e-07
175,0.5,0.01919367164373398,34.370959532050676,train,0,False,1.0000000000000002e-07
175,0.5,0.16938918828964233,35.98373252371347,valid,0,False,1.0000000000000002e-07
176,0.6,0.019497914239764214,34.373654322634444,train,0,False,1.0000000000000002e-07
176,0.6,0.16946840286254883,35.97975979548759,valid,0,False,1.0000000000000002e-07
177,0.7,0.019812870770692825,34.37165697536678,train,0,False,1.0000000000000002e-07
177,0.7,0.1693580597639084,35.98453510508818,valid,0,False,1.0000000000000002e-07
178,0.7999999999999999,0.0200936421751976,34.373738964449956,train,0,False,1.0000000000000002e-07
178,0.7999999999999999,0.16938157379627228,35.98141860355444,valid,0,False,1.0000000000000002e-07
179,0.8999999999999999,0.02039394900202751,34.37451289892709,train,0,False,1.0000000000000002e-07
179,0.8999999999999999,0.1690763235092163,35.98656367800763,valid,0,False,1.0000000000000002e-07
180,0.0,0.017652656883001328,34.37619509264217,train,0,False,1.0000000000000002e-07
180,0.0,0.1695856750011444,35.97890150679693,valid,0,False,1.0000000000000002e-07
181,0.1,0.017961395904421806,34.37707530950732,train,0,False,1.0000000000000002e-07
181,0.1,0.1694600135087967,35.98115444638202,valid,0,False,1.0000000000000002e-07
182,0.2,0.01825788803398609,34.37515137432468,train,0,False,1.0000000000000002e-07
182,0.2,0.16929496824741364,35.98511097275775,valid,0,False,1.0000000000000002e-07
183,0.30000000000000004,0.018550369888544083,34.378077564362556,train,0,False,1.0000000000000002e-07
183,0.30000000000000004,0.16935408115386963,35.98627707537483,valid,0,False,1.0000000000000002e-07
184,0.4,0.018859297037124634,34.378572466450386,train,0,False,1.0000000000000002e-07
184,0.4,0.16923052072525024,35.98750528053563,valid,0,False,1.0000000000000002e-07
185,0.5,0.019160015508532524,34.38096313640636,train,0,False,1.0000000000000002e-07
185,0.5,0.16954123973846436,35.98106359108832,valid,0,False,1.0000000000000002e-07
186,0.6,0.019454926252365112,34.38097064479703,train,0,False,1.0000000000000002e-07
186,0.6,0.16886480152606964,35.996872387933045,valid,0,False,1.0000000000000002e-07
187,0.7,0.01975099742412567,34.38215147424513,train,0,False,1.0000000000000002e-07
187,0.7,0.16931340098381042,35.985192843196124,valid,0,False,1.0000000000000002e-07
188,0.7999999999999999,0.020052185282111168,34.38198925838678,train,0,False,1.0000000000000002e-07
188,0.7999999999999999,0.1694728285074234,35.98418416203679,valid,0,False,1.0000000000000002e-07
189,0.8999999999999999,0.020350301638245583,34.382810883798925,train,0,False,1.0000000000000002e-07
189,0.8999999999999999,0.16909104585647583,35.98940857794781,valid,0,False,1.0000000000000002e-07
190,0.0,0.01760694943368435,34.38481704227893,train,0,False,1.0000000000000002e-07
190,0.0,0.16898466646671295,35.995098950942484,valid,0,False,1.0000000000000002e-07
191,0.1,0.017917247489094734,34.38425155475574,train,0,False,1.0000000000000002e-07
191,0.1,0.1698727309703827,35.97772500624907,valid,0,False,1.0000000000000002e-07
192,0.2,0.018203143030405045,34.38629139750493,train,0,False,1.0000000000000002e-07
192,0.2,0.16898810863494873,35.99796835834157,valid,0,False,1.0000000000000002e-07
193,0.30000000000000004,0.01851671002805233,34.38530521146713,train,0,False,1.0000000000000002e-07
193,0.30000000000000004,0.16916164755821228,35.99145114516605,valid,0,False,1.0000000000000002e-07
194,0.4,0.01881236396729946,34.3881051958146,train,0,False,1.0000000000000002e-07
194,0.4,0.16919800639152527,35.99021458891124,valid,0,False,1.0000000000000002e-07
195,0.5,0.019119100645184517,34.3883453905659,train,0,False,1.0000000000000002e-07
195,0.5,0.16930405795574188,35.98845448819935,valid,0,False,1.0000000000000002e-07
196,0.6,0.019413163885474205,34.389394804021364,train,0,False,1.0000000000000002e-07
196,0.6,0.16909967362880707,35.99172946644891,valid,0,False,1.0000000000000002e-07
197,0.7,0.01971413567662239,34.38947344511299,train,0,False,1.0000000000000002e-07
197,0.7,0.16919146478176117,35.989798040951,valid,0,False,1.0000000000000002e-07
198,0.7999999999999999,0.020009618252515793,34.38999788788826,train,0,False,1.0000000000000002e-07
198,0.7999999999999999,0.1688738763332367,35.997364256454006,valid,0,False,1.0000000000000002e-07
